variable,count,mean,std,min,25%,50%,75%,max,original
dummy1,1000.0,-0.00035618449936780796,0.010911954764573862,-0.0407507487700526,-0.0073942883765913,-0.00027666873338585,0.006616453242131001,0.0364352006109094,0.0085854626324712
dummy2,1000.0,-2.124526277044103e-05,0.012998702690371539,-0.0445024892976927,-0.009151935239837174,8.636429616627452e-05,0.0091920500050305,0.0416231558045679,0.0071992139792214
x1,1000.0,0.10344012049436509,2.953533264107085,-8.392377781750298,-1.9171538227037253,0.17432374727318856,2.016216408417405,28.202810675269937,28.202810675269937
x2,1000.0,-0.04716244533943473,8.160221711491511,-25.719389265552557,-5.424422421442586,-0.07434515706236916,5.176002848413089,75.04996174205385,75.04996174205385
x3,1000.0,-0.014718470378699337,1.9490411196301731,-6.175568386276133,-1.2626706427388634,0.003321237057508,1.2965582199291146,17.75264603030277,17.75264603030277
